Code_x;Parent_x;NUTS-Code_x;Description_x;Code_y;Parent_y;NUTS-Code_y;Description_y
20;10.0;BE1;Région de Bruxelles-Capitale/Brussels Hoofdstedelijk Gewest;30;20.0;BE10;Région de Bruxelles-Capitale/ Brussels Hoofdstedelijk Gewest
50;10.0;BE2;Vlaams Gewest;60;50.0;BE21;Prov. Antwerpen
50;10.0;BE2;Vlaams Gewest;100;50.0;BE22;Prov. Limburg (BE)
50;10.0;BE2;Vlaams Gewest;140;50.0;BE23;Prov. Oost-Vlaanderen
50;10.0;BE2;Vlaams Gewest;210;50.0;BE24;Prov. Vlaams-Brabant
50;10.0;BE2;Vlaams Gewest;240;50.0;BE25;Prov. West-Vlaanderen
330;10.0;BE3;Région wallonne;340;330.0;BE31;Prov. Brabant Wallon
330;10.0;BE3;Région wallonne;360;330.0;BE32;Prov. Hainaut
330;10.0;BE3;Région wallonne;440;330.0;BE33;Prov. Liège
330;10.0;BE3;Région wallonne;500;330.0;BE34;Prov. Luxembourg (BE)
330;10.0;BE3;Région wallonne;560;330.0;BE35;Prov. Namur
600;10.0;BEZ;Extra-Regio NUTS 1;610;600.0;BEZZ;Extra-Regio NUTS 2
640;630.0;BG3;Северна и югоизточна България (Severna I Yugoiztochna Bulgaria);650;640.0;BG31;Северозападен (Severozapaden)
640;630.0;BG3;Северна и югоизточна България (Severna I Yugoiztochna Bulgaria);710;640.0;BG32;Северен централен (Severen tsentralen)
640;630.0;BG3;Северна и югоизточна България (Severna I Yugoiztochna Bulgaria);770;640.0;BG33;Североизточен (Severoiztochen)
640;630.0;BG3;Северна и югоизточна България (Severna I Yugoiztochna Bulgaria);820;640.0;BG34;Югоизточен (Yugoiztochen)
870;630.0;BG4;Югозападна и южна централна България (Yugozapadna I Yuzhna Tsentralna Bulgaria);880;870.0;BG41;Югозападен (Yugozapaden)
870;630.0;BG4;Югозападна и южна централна България (Yugozapadna I Yuzhna Tsentralna Bulgaria);940;870.0;BG42;Южен централен (Yuzhen tsentralen)
1000;630.0;BGZ;Extra-Regio NUTS 1;1010;1000.0;BGZZ;Extra-Regio NUTS 2
1040;1030.0;CZ0;Česko;1050;1040.0;CZ01;Praha
1040;1030.0;CZ0;Česko;1070;1040.0;CZ02;Střední Čechy
1040;1030.0;CZ0;Česko;1090;1040.0;CZ03;Jihozápad
1040;1030.0;CZ0;Česko;1120;1040.0;CZ04;Severozápad
1040;1030.0;CZ0;Česko;1150;1040.0;CZ05;Severovýchod
1040;1030.0;CZ0;Česko;1190;1040.0;CZ06;Jihovýchod
1040;1030.0;CZ0;Česko;1220;1040.0;CZ07;Střední Morava
1040;1030.0;CZ0;Česko;1250;1040.0;CZ08;Moravskoslezsko
1270;1030.0;CZZ;Extra-Regio NUTS 1;1280;1270.0;CZZZ;Extra-Regio NUTS 2
1310;1300.0;DK0;Danmark;1320;1310.0;DK01;Hovedstaden
1310;1300.0;DK0;Danmark;1370;1310.0;DK02;Sjælland
1310;1300.0;DK0;Danmark;1400;1310.0;DK03;Syddanmark
1310;1300.0;DK0;Danmark;1430;1310.0;DK04;Midtjylland
1310;1300.0;DK0;Danmark;1460;1310.0;DK05;Nordjylland
1480;1300.0;DKZ;Extra-Regio NUTS 1;1490;1480.0;DKZZ;Extra-Regio NUTS 2
1520;1510.0;DE1;Baden-Württemberg;1530;1520.0;DE11;Stuttgart
1520;1510.0;DE1;Baden-Württemberg;1670;1520.0;DE12;Karlsruhe
1520;1510.0;DE1;Baden-Württemberg;1800;1520.0;DE13;Freiburg
1520;1510.0;DE1;Baden-Württemberg;1910;1520.0;DE14;Tübingen
2010;1510.0;DE2;Bayern;2020;2010.0;DE21;Oberbayern
2010;1510.0;DE2;Bayern;2260;2010.0;DE22;Niederbayern
2010;1510.0;DE2;Bayern;2390;2010.0;DE23;Oberpfalz
2010;1510.0;DE2;Bayern;2500;2010.0;DE24;Oberfranken
2010;1510.0;DE2;Bayern;2640;2010.0;DE25;Mittelfranken
2010;1510.0;DE2;Bayern;2770;2010.0;DE26;Unterfranken
2010;1510.0;DE2;Bayern;2900;2010.0;DE27;Schwaben
3050;1510.0;DE3;Berlin;3060;3050.0;DE30;Berlin
3080;1510.0;DE4;Brandenburg;3090;3080.0;DE40;Brandenburg
3280;1510.0;DE5;Bremen;3290;3280.0;DE50;Bremen
3320;1510.0;DE6;Hamburg;3330;3320.0;DE60;Hamburg
3350;1510.0;DE7;Hessen;3360;3350.0;DE71;Darmstadt
3350;1510.0;DE7;Hessen;3510;3350.0;DE72;Gießen
3350;1510.0;DE7;Hessen;3570;3350.0;DE73;Kassel
3650;1510.0;DE8;Mecklenburg-Vorpommern;3660;3650.0;DE80;Mecklenburg-Vorpommern
3750;1510.0;DE9;Niedersachsen;3760;3750.0;DE91;Braunschweig
3750;1510.0;DE9;Niedersachsen;3870;3750.0;DE92;Hannover
3750;1510.0;DE9;Niedersachsen;3950;3750.0;DE93;Lüneburg
3750;1510.0;DE9;Niedersachsen;4070;3750.0;DE94;Weser-Ems
4250;1510.0;DEA;Nordrhein-Westfalen;4260;4250.0;DEA1;Düsseldorf
4250;1510.0;DEA;Nordrhein-Westfalen;4420;4250.0;DEA2;Köln
4250;1510.0;DEA;Nordrhein-Westfalen;4540;4250.0;DEA3;Münster
4250;1510.0;DEA;Nordrhein-Westfalen;4630;4250.0;DEA4;Detmold
4250;1510.0;DEA;Nordrhein-Westfalen;4710;4250.0;DEA5;Arnsberg
4840;1510.0;DEB;Rheinland-Pfalz;4850;4840.0;DEB1;Koblenz
4840;1510.0;DEB;Rheinland-Pfalz;4970;4840.0;DEB2;Trier
4840;1510.0;DEB;Rheinland-Pfalz;5030;4840.0;DEB3;Rheinhessen-Pfalz
5240;1510.0;DEC;Saarland;5250;5240.0;DEC0;Saarland
5320;1510.0;DED;Sachsen;5330;5320.0;DED2;Dresden
5320;1510.0;DED;Sachsen;5390;5320.0;DED4;Chemnitz
5320;1510.0;DED;Sachsen;5450;5320.0;DED5;Leipzig
5490;1510.0;DEE;Sachsen-Anhalt;5500;5490.0;DEE0;Sachsen-Anhalt
5650;1510.0;DEF;Schleswig-Holstein;5660;5650.0;DEF0;Schleswig-Holstein
5820;1510.0;DEG;Thüringen;5830;5820.0;DEG0;Thüringen
6070;1510.0;DEZ;Extra-Regio NUTS 1;6080;6070.0;DEZZ;Extra-Regio NUTS 2
6110;6100.0;EE0;Eesti;6120;6110.0;EE00;Eesti
6180;6100.0;EEZ;Extra-Regio NUTS 1;6190;6180.0;EEZZ;Extra-Regio NUTS 2
6220;6210.0;IE0;Ireland;6230;6220.0;IE04;Northern and Western
6220;6210.0;IE0;Ireland;6260;6220.0;IE05;Southern
6220;6210.0;IE0;Ireland;6300;6220.0;IE06;Eastern and Midland
6340;6210.0;IEZ;Extra-Regio NUTS 1;6350;6340.0;IEZZ;Extra-Regio NUTS 2
6380;6370.0;EL3;Αττική (Attiki);6390;6380.0;EL30;Aττική (Attiki)
6470;6370.0;EL4;Νησιά Αιγαίου, Κρήτη (Nisia Aigaiou, Kriti);6480;6470.0;EL41;Βόρειο Αιγαίο (Voreio Aigaio)
6470;6370.0;EL4;Νησιά Αιγαίου, Κρήτη (Nisia Aigaiou, Kriti);6520;6470.0;EL42;Νότιο Αιγαίο (Notio Aigaio)
6470;6370.0;EL4;Νησιά Αιγαίου, Κρήτη (Nisia Aigaiou, Kriti);6550;6470.0;EL43;Κρήτη (Kriti)
6600;6370.0;EL5;Βόρεια Ελλάδα (Voreia Ellada);6610;6600.0;EL51;Aνατολική Μακεδονία, Θράκη (Anatoliki Makedonia, Thraki)
6600;6370.0;EL5;Βόρεια Ελλάδα (Voreia Ellada);6670;6600.0;EL52;Κεντρική Μακεδονία (Kentriki Makedonia)
6600;6370.0;EL5;Βόρεια Ελλάδα (Voreia Ellada);6750;6600.0;EL53;Δυτική Μακεδονία (Dytiki Makedonia)
6600;6370.0;EL5;Βόρεια Ελλάδα (Voreia Ellada);6790;6600.0;EL54;Ήπειρος (Ipeiros)
6830;6370.0;EL6;Κεντρική Ελλάδα (Kentriki Ellada);6840;6830.0;EL61;Θεσσαλία (Thessalia)
6830;6370.0;EL6;Κεντρική Ελλάδα (Kentriki Ellada);6880;6830.0;EL62;Ιόνια Νησιά (Ionia Nisia)
6830;6370.0;EL6;Κεντρική Ελλάδα (Kentriki Ellada);6930;6830.0;EL63;Δυτική Ελλάδα (Dytiki Ellada)
6830;6370.0;EL6;Κεντρική Ελλάδα (Kentriki Ellada);6970;6830.0;EL64;Στερεά Ελλάδα (Sterea Ellada)
6830;6370.0;EL6;Κεντρική Ελλάδα (Kentriki Ellada);7030;6830.0;EL65;Πελοπόννησος (Peloponnisos)
7070;6370.0;ELZ;Extra-Regio NUTS 1;7080;7070.0;ELZZ;Extra-Regio NUTS 2
7110;7100.0;ES1;Noroeste;7120;7110.0;ES11;Galicia
7110;7100.0;ES1;Noroeste;7170;7110.0;ES12;Principado de Asturias
7110;7100.0;ES1;Noroeste;7190;7110.0;ES13;Cantabria
7210;7100.0;ES2;Noreste;7220;7210.0;ES21;País Vasco
7210;7100.0;ES2;Noreste;7260;7210.0;ES22;Comunidad Foral de Navarra
7210;7100.0;ES2;Noreste;7280;7210.0;ES23;La Rioja
7210;7100.0;ES2;Noreste;7300;7210.0;ES24;Aragón
7340;7100.0;ES3;Comunidad de Madrid;7350;7340.0;ES30;Comunidad de Madrid
7370;7100.0;ES4;Centro (ES);7380;7370.0;ES41;Castilla y León
7370;7100.0;ES4;Centro (ES);7480;7370.0;ES42;Castilla-La Mancha
7370;7100.0;ES4;Centro (ES);7540;7370.0;ES43;Extremadura
7570;7100.0;ES5;Este;7580;7570.0;ES51;Cataluña
7570;7100.0;ES5;Este;7630;7570.0;ES52;Comunitat Valenciana
7570;7100.0;ES5;Este;7670;7570.0;ES53;Illes Balears
7710;7100.0;ES6;Sur;7720;7710.0;ES61;Andalucía
7710;7100.0;ES6;Sur;7810;7710.0;ES62;Región de Murcia
7710;7100.0;ES6;Sur;7830;7710.0;ES63;Ciudad de Ceuta
7710;7100.0;ES6;Sur;7850;7710.0;ES64;Ciudad de Melilla
7870;7100.0;ES7;Canarias;7880;7870.0;ES70;Canarias
7960;7100.0;ESZ;Extra-Regio NUTS 1;7970;7960.0;ESZZ;Extra-Regio NUTS 2
8000;7990.0;FR1;Ile-de-France;8010;8000.0;FR10;Ile-de-France
8100;7990.0;FRB;Centre - Val de Loire;8110;8100.0;FRB0;Centre - Val de Loire
8180;7990.0;FRC;Bourgogne-Franche-Comté;8190;8180.0;FRC1;Bourgogne
8180;7990.0;FRC;Bourgogne-Franche-Comté;8240;8180.0;FRC2;Franche-Comté
8290;7990.0;FRD;Normandie;8300;8290.0;FRD1;Basse-Normandie
8290;7990.0;FRD;Normandie;8340;8290.0;FRD2;Haute-Normandie
8370;7990.0;FRE;Hauts-de-France;8380;8370.0;FRE1;Nord-Pas de Calais
8370;7990.0;FRE;Hauts-de-France;8410;8370.0;FRE2;Picardie
8450;7990.0;FRF;Grand Est;8460;8450.0;FRF1;Alsace
8450;7990.0;FRF;Grand Est;8490;8450.0;FRF2;Champagne-Ardenne
8450;7990.0;FRF;Grand Est;8540;8450.0;FRF3;Lorraine
8590;7990.0;FRG;Pays de la Loire;8600;8590.0;FRG0;Pays de la Loire
8660;7990.0;FRH;Bretagne;8670;8660.0;FRH0;Bretagne
8720;7990.0;FRI;Nouvelle-Aquitaine;8730;8720.0;FRI1;Aquitaine
8720;7990.0;FRI;Nouvelle-Aquitaine;8790;8720.0;FRI2;Limousin
8720;7990.0;FRI;Nouvelle-Aquitaine;8830;8720.0;FRI3;Poitou-Charentes
8880;7990.0;FRJ;Occitanie;8890;8880.0;FRJ1;Languedoc-Roussillon
8880;7990.0;FRJ;Occitanie;8950;8880.0;FRJ2;Midi-Pyrénées
9040;7990.0;FRK;Auvergne-Rhône-Alpes;9050;9040.0;FRK1;Auvergne
9040;7990.0;FRK;Auvergne-Rhône-Alpes;9100;9040.0;FRK2;Rhône-Alpes
9190;7990.0;FRL;Provence-Alpes-Côte d’Azur;9200;9190.0;FRL0;Provence-Alpes-Côte d’Azur
9270;7990.0;FRM;Corse;9280;9270.0;FRM0;Corse
9310;7990.0;FRY;RUP FR - Régions Ultrapériphériques Françaises;9320;9310.0;FRY1;Guadeloupe
9310;7990.0;FRY;RUP FR - Régions Ultrapériphériques Françaises;9340;9310.0;FRY2;Martinique
9310;7990.0;FRY;RUP FR - Régions Ultrapériphériques Françaises;9360;9310.0;FRY3;Guyane
9310;7990.0;FRY;RUP FR - Régions Ultrapériphériques Françaises;9380;9310.0;FRY4;La Réunion
9310;7990.0;FRY;RUP FR - Régions Ultrapériphériques Françaises;9400;9310.0;FRY5;Mayotte
9420;7990.0;FRZ;Extra-Regio NUTS 1;9430;9420.0;FRZZ;Extra-Regio NUTS 2
9460;9450.0;HR0;Hrvatska;9470;9460.0;HR03;Jadranska Hrvatska
9460;9450.0;HR0;Hrvatska;9560;9460.0;HR05;Grad Zagreb
9460;9450.0;HR0;Hrvatska;9580;9460.0;HR06;Sjeverna Hrvatska
9460;9450.0;HR0;Hrvatska;9640;9460.0;HR02;Panonska Hrvatska
9730;9450.0;HRZ;Extra-Regio NUTS 1;9740;9730.0;HRZZ;Extra-Regio NUTS 2
9760;9750.0;ITC;Nord-Ovest;9770;9760.0;ITC1;Piemonte
9760;9750.0;ITC;Nord-Ovest;9860;9760.0;ITC2;Valle d’Aosta/Vallée d’Aoste
9760;9750.0;ITC;Nord-Ovest;9880;9760.0;ITC3;Liguria
9760;9750.0;ITC;Nord-Ovest;9930;9760.0;ITC4;Lombardia
10060;9750.0;ITF;Sud;10070;10060.0;ITF1;Abruzzo
10060;9750.0;ITF;Sud;10120;10060.0;ITF2;Molise
10060;9750.0;ITF;Sud;10150;10060.0;ITF3;Campania
10060;9750.0;ITF;Sud;10210;10060.0;ITF4;Puglia
10060;9750.0;ITF;Sud;10280;10060.0;ITF5;Basilicata
10060;9750.0;ITF;Sud;10310;10060.0;ITF6;Calabria
10370;9750.0;ITG;Isole;10380;10370.0;ITG1;Sicilia
10370;9750.0;ITG;Isole;10480;10370.0;ITG2;Sardegna
10540;9750.0;ITH;Nord-Est;10550;10540.0;ITH1;Provincia Autonoma di Bolzano/Bozen
10540;9750.0;ITH;Nord-Est;10570;10540.0;ITH2;Provincia Autonoma di Trento
10540;9750.0;ITH;Nord-Est;10590;10540.0;ITH3;Veneto
10540;9750.0;ITH;Nord-Est;10670;10540.0;ITH4;Friuli-Venezia Giulia
10540;9750.0;ITH;Nord-Est;10720;10540.0;ITH5;Emilia-Romagna
10820;9750.0;ITI;Centro (IT);10830;10820.0;ITI1;Toscana
10820;9750.0;ITI;Centro (IT);10940;10820.0;ITI2;Umbria
10820;9750.0;ITI;Centro (IT);10970;10820.0;ITI3;Marche
10820;9750.0;ITI;Centro (IT);11030;10820.0;ITI4;Lazio
11090;9750.0;ITZ;Extra-Regio NUTS 1;11100;11090.0;ITZZ;Extra-Regio NUTS 2
11130;11120.0;CY0;Κύπρος (Kypros);11140;11130.0;CY00;Κύπρος (Kypros)
11160;11120.0;CYZ;Extra-Regio NUTS 1;11170;11160.0;CYZZ;Extra-Regio NUTS 2
11200;11190.0;LV0;Latvija;11210;11200.0;LV00;Latvija
11280;11190.0;LVZ;Extra-Regio NUTS 1;11290;11280.0;LVZZ;Extra-Regio NUTS 2
11320;11310.0;LT0;Lietuva;11330;11320.0;LT01;Sostinės regionas
11320;11310.0;LT0;Lietuva;11350;11320.0;LT02;Vidurio ir vakarų Lietuvos regionas
11450;11310.0;LTZ;Extra-Regio NUTS 1;11460;11450.0;LTZZ;Extra-Regio NUTS 2
11490;11480.0;LU0;Luxembourg;11500;11490.0;LU00;Luxembourg
11520;11480.0;LUZ;Extra-Regio NUTS 1;11530;11520.0;LUZZ;Extra-Regio NUTS 2
11560;11550.0;HU1;Közép-Magyarország;11570;11560.0;HU11;Budapest
11560;11550.0;HU1;Közép-Magyarország;11590;11560.0;HU12;Pest
11610;11550.0;HU2;Dunántúl;11620;11610.0;HU21;Közép-Dunántúl
11610;11550.0;HU2;Dunántúl;11660;11610.0;HU22;Nyugat-Dunántúl
11610;11550.0;HU2;Dunántúl;11700;11610.0;HU23;Dél-Dunántúl
11740;11550.0;HU3;Alföld és Észak;11750;11740.0;HU31;Észak-Magyarország
11740;11550.0;HU3;Alföld és Észak;11790;11740.0;HU32;Észak-Alföld
11740;11550.0;HU3;Alföld és Észak;11830;11740.0;HU33;Dél-Alföld
11870;11550.0;HUZ;Extra-Regio NUTS 1;11880;11870.0;HUZZ;Extra-Regio NUTS 2
11910;11900.0;MT0;Malta;11920;11910.0;MT00;Malta
11950;11900.0;MTZ;Extra-Regio NUTS 1;11960;11950.0;MTZZ;Extra-Regio NUTS 2
11990;11980.0;NL1;Noord-Nederland;12000;11990.0;NL11;Groningen
11990;11980.0;NL1;Noord-Nederland;12040;11990.0;NL12;Friesland (NL)
11990;11980.0;NL1;Noord-Nederland;12080;11990.0;NL13;Drenthe
12120;11980.0;NL2;Oost-Nederland;12130;12120.0;NL21;Overijssel
12120;11980.0;NL2;Oost-Nederland;12170;12120.0;NL22;Gelderland
12120;11980.0;NL2;Oost-Nederland;12220;12120.0;NL23;Flevoland
12240;11980.0;NL3;West-Nederland;12250;12240.0;NL31;Utrecht
12240;11980.0;NL3;West-Nederland;12270;12240.0;NL32;Noord-Holland
12240;11980.0;NL3;West-Nederland;12350;12240.0;NL33;Zuid-Holland
12240;11980.0;NL3;West-Nederland;12420;12240.0;NL34;Zeeland
12450;11980.0;NL4;Zuid-Nederland;12460;12450.0;NL41;Noord-Brabant
12450;11980.0;NL4;Zuid-Nederland;12510;12450.0;NL42;Limburg (NL)
12550;11980.0;NLZ;Extra-Regio NUTS 1;12560;12550.0;NLZZ;Extra-Regio NUTS 2
12590;12580.0;AT1;Ostösterreich;12600;12590.0;AT11;Burgenland
12590;12580.0;AT1;Ostösterreich;12640;12590.0;AT12;Niederösterreich
12590;12580.0;AT1;Ostösterreich;12720;12590.0;AT13;Wien
12740;12580.0;AT2;Südösterreich;12750;12740.0;AT21;Kärnten
12740;12580.0;AT2;Südösterreich;12790;12740.0;AT22;Steiermark
12860;12580.0;AT3;Westösterreich;12870;12860.0;AT31;Oberösterreich
12860;12580.0;AT3;Westösterreich;12930;12860.0;AT32;Salzburg
12860;12580.0;AT3;Westösterreich;12970;12860.0;AT33;Tirol
12860;12580.0;AT3;Westösterreich;13030;12860.0;AT34;Vorarlberg
13060;12580.0;ATZ;Extra-Regio NUTS 1;13070;13060.0;ATZZ;Extra-Regio NUTS 2
13100;13090.0;PL2;Makroregion południowy;13110;13100.0;PL21;Małopolskie
13100;13090.0;PL2;Makroregion południowy;13180;13100.0;PL22;Śląskie
13270;13090.0;PL4;Makroregion północno-zachodni;13280;13270.0;PL41;Wielkopolskie
13270;13090.0;PL4;Makroregion północno-zachodni;13350;13270.0;PL42;Zachodniopomorskie
13270;13090.0;PL4;Makroregion północno-zachodni;13400;13270.0;PL43;Lubuskie
13430;13090.0;PL5;Makroregion południowo-zachodni;13440;13430.0;PL51;Dolnośląskie
13430;13090.0;PL5;Makroregion południowo-zachodni;13500;13430.0;PL52;Opolskie
13530;13090.0;PL6;Makroregion północny;13540;13530.0;PL61;Kujawsko-pomorskie
13530;13090.0;PL6;Makroregion północny;13600;13530.0;PL62;Warmińsko-mazurskie
13530;13090.0;PL6;Makroregion północny;13640;13530.0;PL63;Pomorskie
13700;13090.0;PL7;Makroregion centralny;13710;13700.0;PL71;Łódzkie
13700;13090.0;PL7;Makroregion centralny;13780;13700.0;PL72;Świętokrzyskie
13810;13090.0;PL8;Makroregion wschodni;13820;13810.0;PL81;Lubelskie
13810;13090.0;PL8;Makroregion wschodni;13870;13810.0;PL82;Podkarpackie
13810;13090.0;PL8;Makroregion wschodni;13920;13810.0;PL84;Podlaskie
13960;13090.0;PL9;Makroregion województwo mazowieckie;13970;13960.0;PL91;Warszawski stołeczny
13960;13090.0;PL9;Makroregion województwo mazowieckie;14010;13960.0;PL92;Mazowiecki regionalny
14080;13090.0;PLZ;Extra-Regio NUTS 1;14090;14080.0;PLZZ;Extra-Regio NUTS 2
14120;14110.0;PT1;Continente;14130;14120.0;PT11;Norte
14120;14110.0;PT1;Continente;14220;14120.0;PT15;Algarve
14120;14110.0;PT1;Continente;14240;14120.0;PT16;Centro (PT)
14120;14110.0;PT1;Continente;14330;14120.0;PT17;Área Metropolitana de Lisboa
14120;14110.0;PT1;Continente;14350;14120.0;PT18;Alentejo
14410;14110.0;PT2;Região Autónoma dos Açores;14420;14410.0;PT20;Região Autónoma dos Açores
14440;14110.0;PT3;Região Autónoma da Madeira;14450;14440.0;PT30;Região Autónoma da Madeira
14470;14110.0;PTZ;Extra-Regio NUTS 1;14480;14470.0;PTZZ;Extra-Regio NUTS 2
14510;14500.0;RO1;Macroregiunea Unu;14520;14510.0;RO11;Nord-Vest
14510;14500.0;RO1;Macroregiunea Unu;14590;14510.0;RO12;Centru
14660;14500.0;RO2;Macroregiunea Doi;14670;14660.0;RO21;Nord-Est
14660;14500.0;RO2;Macroregiunea Doi;14740;14660.0;RO22;Sud-Est
14810;14500.0;RO3;Macroregiunea Trei;14820;14810.0;RO31;Sud-Muntenia
14810;14500.0;RO3;Macroregiunea Trei;14900;14810.0;RO32;Bucureşti-Ilfov
14930;14500.0;RO4;Macroregiunea Patru;14940;14930.0;RO41;Sud-Vest Oltenia
14930;14500.0;RO4;Macroregiunea Patru;15000;14930.0;RO42;Vest
15050;14500.0;ROZ;Extra-Regio NUTS 1;15060;15050.0;ROZZ;Extra-Regio NUTS 2
15090;15080.0;SI0;Slovenija;15100;15090.0;SI03;Vzhodna Slovenija
15090;15080.0;SI0;Slovenija;15190;15090.0;SI04;Zahodna Slovenija
15240;15080.0;SIZ;Extra-Regio NUTS 1;15250;15240.0;SIZZ;Extra-Regio NUTS 2
15280;15270.0;SK0;Slovensko;15290;15280.0;SK01;Bratislavský kraj
15280;15270.0;SK0;Slovensko;15310;15280.0;SK02;Západné Slovensko
15280;15270.0;SK0;Slovensko;15350;15280.0;SK03;Stredné Slovensko
15280;15270.0;SK0;Slovensko;15380;15280.0;SK04;Východné Slovensko
15410;15270.0;SKZ;Extra-Regio NUTS 1;15420;15410.0;SKZZ;Extra-Regio NUTS 2
15450;15440.0;FI1;Manner-Suomi;15460;15450.0;FI19;Länsi-Suomi
15450;15440.0;FI1;Manner-Suomi;15520;15450.0;FI1B;Helsinki-Uusimaa
15450;15440.0;FI1;Manner-Suomi;15540;15450.0;FI1C;Etelä-Suomi
15450;15440.0;FI1;Manner-Suomi;15600;15450.0;FI1D;Pohjois- ja Itä-Suomi
15680;15440.0;FI2;Åland;15690;15680.0;FI20;Åland
15710;15440.0;FIZ;Extra-Regio NUTS 1;15720;15710.0;FIZZ;Extra-Regio NUTS 2
15750;15740.0;SE1;Östra Sverige;15760;15750.0;SE11;Stockholm
15750;15740.0;SE1;Östra Sverige;15780;15750.0;SE12;Östra Mellansverige
15840;15740.0;SE2;Södra Sverige;15850;15840.0;SE21;Småland med öarna
15840;15740.0;SE2;Södra Sverige;15900;15840.0;SE22;Sydsverige
15840;15740.0;SE2;Södra Sverige;15930;15840.0;SE23;Västsverige
15960;15740.0;SE3;Norra Sverige;15970;15960.0;SE31;Norra Mellansverige
15960;15740.0;SE3;Norra Sverige;16010;15960.0;SE32;Mellersta Norrland
15960;15740.0;SE3;Norra Sverige;16040;15960.0;SE33;Övre Norrland
16070;15740.0;SEZ;Extra-Regio NUTS 1;16080;16070.0;SEZZ;Extra-Regio NUTS 2
16110;16100.0;UKC;North East (England);16120;16110.0;UKC1;Tees Valley and Durham
16110;16100.0;UKC;North East (England);16170;16110.0;UKC2;Northumberland and Tyne and Wear
16210;16100.0;UKD;North West (England);16220;16210.0;UKD1;Cumbria
16210;16100.0;UKD;North West (England);16250;16210.0;UKD3;Greater Manchester
16210;16100.0;UKD;North West (England);16310;16210.0;UKD4;Lancashire
16210;16100.0;UKD;North West (England);16380;16210.0;UKD6;Cheshire
16210;16100.0;UKD;North West (England);16420;16210.0;UKD7;Merseyside
16470;16100.0;UKE;Yorkshire and the Humber;16480;16470.0;UKE1;East Yorkshire and Northern Lincolnshire
16470;16100.0;UKE;Yorkshire and the Humber;16520;16470.0;UKE2;North Yorkshire
16470;16100.0;UKE;Yorkshire and the Humber;16550;16470.0;UKE3;South Yorkshire
16470;16100.0;UKE;Yorkshire and the Humber;16580;16470.0;UKE4;West Yorkshire
16630;16100.0;UKF;East Midlands (England);16640;16630.0;UKF1;Derbyshire and Nottinghamshire
16630;16100.0;UKF;East Midlands (England);16710;16630.0;UKF2;Leicestershire, Rutland and Northamptonshire
16630;16100.0;UKF;East Midlands (England);16760;16630.0;UKF3;Lincolnshire
16780;16100.0;UKG;West Midlands (England);16790;16780.0;UKG1;Herefordshire, Worcestershire and Warwickshire
16780;16100.0;UKG;West Midlands (England);16830;16780.0;UKG2;Shropshire and Staffordshire
16780;16100.0;UKG;West Midlands (England);16880;16780.0;UKG3;West Midlands
16960;16100.0;UKH;East of England;16970;16960.0;UKH1;East Anglia
16960;16100.0;UKH;East of England;17040;16960.0;UKH2;Bedfordshire and Hertfordshire
16960;16100.0;UKH;East of England;17090;16960.0;UKH3;Essex
17160;16100.0;UKI;London;17170;17160.0;UKI3;Inner London - West
17160;16100.0;UKI;London;17220;17160.0;UKI4;Inner London - East
17160;16100.0;UKI;London;17280;17160.0;UKI5;Outer London - East and North East
17160;16100.0;UKI;London;17330;17160.0;UKI6;Outer London - South
17160;16100.0;UKI;London;17370;17160.0;UKI7;Outer London - West and North West
17430;16100.0;UKJ;South East (England);17440;17430.0;UKJ1;Berkshire, Buckinghamshire and Oxfordshire
17430;16100.0;UKJ;South East (England);17490;17430.0;UKJ2;Surrey, East and West Sussex
17430;16100.0;UKJ;South East (England);17560;17430.0;UKJ3;Hampshire and Isle of Wight
17430;16100.0;UKJ;South East (England);17630;17430.0;UKJ4;Kent
17690;16100.0;UKK;South West (England);17700;17690.0;UKK1;Gloucestershire, Wiltshire and Bristol/Bath area
17690;16100.0;UKK;South West (England);17760;17690.0;UKK2;Dorset and Somerset
17690;16100.0;UKK;South West (England);17800;17690.0;UKK3;Cornwall and Isles of Scilly
17690;16100.0;UKK;South West (England);17820;17690.0;UKK4;Devon
17860;16100.0;UKL;Wales;17870;17860.0;UKL1;West Wales and The Valleys
17860;16100.0;UKL;Wales;17960;17860.0;UKL2;East Wales
18010;16100.0;UKM;Scotland;18020;18010.0;UKM5;North Eastern Scotland
18010;16100.0;UKM;Scotland;18040;18010.0;UKM6;Highlands and Islands
18010;16100.0;UKM;Scotland;18110;18010.0;UKM7;Eastern Scotland
18010;16100.0;UKM;Scotland;18190;18010.0;UKM8;West Central Scotland
18010;16100.0;UKM;Scotland;18240;18010.0;UKM9;Southern Scotland
18300;16100.0;UKN;Northern Ireland;18310;18300.0;UKN0;Northern Ireland
18430;16100.0;UKZ;Extra-Regio NUTS 1;18440;18430.0;UKZZ;Extra-Regio NUTS 2
18500;18490.0;IS0;Ísland;18510;18500.0;IS00;Ísland
18540;18490.0;ISZ;Extra-Regio NUTS 1;18550;18540.0;ISZZ;Extra-Regio NUTS 2
18580;18570.0;LI0;Liechtenstein;18590;18580.0;LI00;Liechtenstein
18610;18570.0;LIZ;Extra-Regio NUTS 1;18620;18610.0;LIZZ;Extra-Regio NUTS 2
18650;18640.0;NO0;Norge;18660;18650.0;NO02;Innlandet
18650;18640.0;NO0;Norge;18680;18650.0;NO06;Trøndelag
18650;18640.0;NO0;Norge;18700;18650.0;NO07;Nord-Norge
18650;18640.0;NO0;Norge;18730;18650.0;NO08;Oslo og Viken
18650;18640.0;NO0;Norge;18760;18650.0;NO09;Agder og Sør-Østlandet
18650;18640.0;NO0;Norge;18790;18650.0;NO0A;Vestlandet
18650;18640.0;NO0;Norge;18850;18650.0;NO0B;Jan Mayen and Svalbard
18910;18640.0;NOZ;Extra-Regio NUTS 1;18920;18910.0;NOZZ;Extra-Regio NUTS 2
18950;18940.0;CH0;Schweiz/Suisse/Svizzera;18960;18950.0;CH01;Région lémanique
18950;18940.0;CH0;Schweiz/Suisse/Svizzera;19000;18950.0;CH02;Espace Mittelland
18950;18940.0;CH0;Schweiz/Suisse/Svizzera;19060;18950.0;CH03;Nordwestschweiz
18950;18940.0;CH0;Schweiz/Suisse/Svizzera;19100;18950.0;CH04;Zürich
18950;18940.0;CH0;Schweiz/Suisse/Svizzera;19120;18950.0;CH05;Ostschweiz
18950;18940.0;CH0;Schweiz/Suisse/Svizzera;19200;18950.0;CH06;Zentralschweiz
18950;18940.0;CH0;Schweiz/Suisse/Svizzera;19270;18950.0;CH07;Ticino
19290;18940.0;CHZ;Extra-Regio NUTS 1;19300;19290.0;CHZZ;Extra-Regio NUTS 2
19330;19320.0;ME0;Црна Гора (Crna Gora);19340;19330.0;ME00;Црна Гора (Crna Gora)
19360;19320.0;MEZ;Extra-Regio NUTS 1;19370;19360.0;MEZZ;Extra-Regio NUTS 2
19400;19390.0;MK0;Северна Македонија (Severna Makedonija);19410;19400.0;MK00;Северна Македонија (Severna Makedonija)
19500;19390.0;MKZ;Extra-Regio NUTS 1;19510;19500.0;MKZZ;Extra-Regio NUTS 2
19540;19530.0;AL0;Shqipëria;19550;19540.0;AL01;Veri
19540;19530.0;AL0;Shqipëria;19610;19540.0;AL02;Qender
19540;19530.0;AL0;Shqipëria;19640;19540.0;AL03;Jug
19700;19530.0;ALZ;Extra-Regio NUTS 1;19710;19700.0;ALZZ;Extra-Regio NUTS 2
19740;19730.0;RS1;Србија - север (Serbia - Sever);19750;19740.0;RS11;Београдски регион (Beogradski region)
19740;19730.0;RS1;Србија - север (Serbia - Sever);19770;19740.0;RS12;Регион Војводине (Region Vojvodine)
19850;19730.0;RS2;Србија - jуг (Serbia - jug);19860;19850.0;RS21;Регион Шумадије и Западне Србије (Region Šumadije i Zapadne Srbije)
19850;19730.0;RS2;Србија - jуг (Serbia - jug);19950;19850.0;RS22;Регион Јужне и Источне Србије (Region Južne i Istočne Srbije)
20050;19730.0;RSZ;Extra-Regio NUTS 1;20060;20050.0;RSZZ;Extra-Regio NUTS 2
20090;20080.0;TR1;İstanbul;20100;20090.0;TR10;İstanbul
20120;20080.0;TR2;Batı Marmara;20130;20120.0;TR21;Tekirdağ, Edirne, Kırklareli
20120;20080.0;TR2;Batı Marmara;20170;20120.0;TR22;Balıkesir, Çanakkale
20200;20080.0;TR3;Ege;20210;20200.0;TR31;İzmir
20200;20080.0;TR3;Ege;20230;20200.0;TR32;Aydın, Denizli, Muğla
20200;20080.0;TR3;Ege;20270;20200.0;TR33;Manisa, Afyonkarahisar, Kütahya, Uşak
20320;20080.0;TR4;Doğu Marmara;20330;20320.0;TR41;Bursa, Eskişehir, Bilecik
20320;20080.0;TR4;Doğu Marmara;20370;20320.0;TR42;Kocaeli, Sakarya, Düzce, Bolu, Yalova
20430;20080.0;TR5;Batı Anadolu;20440;20430.0;TR51;Ankara
20430;20080.0;TR5;Batı Anadolu;20460;20430.0;TR52;Konya, Karaman
20490;20080.0;TR6;Akdeniz;20500;20490.0;TR61;Antalya, Isparta, Burdur
20490;20080.0;TR6;Akdeniz;20540;20490.0;TR62;Adana, Mersin
20490;20080.0;TR6;Akdeniz;20570;20490.0;TR63;Hatay, Kahramanmaraş, Osmaniye
20610;20080.0;TR7;Orta Anadolu;20620;20610.0;TR71;Kırıkkale, Aksaray, Niğde, Nevşehir, Kırşehir
20610;20080.0;TR7;Orta Anadolu;20680;20610.0;TR72;Kayseri, Sivas, Yozgat
20720;20080.0;TR8;Batı Karadeniz;20730;20720.0;TR81;Zonguldak, Karabük, Bartın
20720;20080.0;TR8;Batı Karadeniz;20770;20720.0;TR82;Kastamonu, Çankırı, Sinop
20720;20080.0;TR8;Batı Karadeniz;20810;20720.0;TR83;Samsun, Tokat, Çorum, Amasya
20860;20080.0;TR9;Doğu Karadeniz;20870;20860.0;TR90;Trabzon, Ordu, Giresun, Rize, Artvin, Gümüşhane
20940;20080.0;TRA;Kuzeydoğu Anadolu;20950;20940.0;TRA1;Erzurum, Erzincan, Bayburt
20940;20080.0;TRA;Kuzeydoğu Anadolu;20990;20940.0;TRA2;Ağrı, Kars, Iğdır, Ardahan
21040;20080.0;TRB;Ortadoğu Anadolu;21050;21040.0;TRB1;Malatya, Elazığ, Bingöl, Tunceli
21040;20080.0;TRB;Ortadoğu Anadolu;21100;21040.0;TRB2;Van, Muş, Bitlis, Hakkari
21150;20080.0;TRC;Güneydoğu Anadolu;21160;21150.0;TRC1;Gaziantep, Adıyaman, Kilis
21150;20080.0;TRC;Güneydoğu Anadolu;21200;21150.0;TRC2;Şanlıurfa, Diyarbakır
21150;20080.0;TRC;Güneydoğu Anadolu;21230;21150.0;TRC3;Mardin, Batman, Şırnak, Siirt
21280;20080.0;TRZ;Extra-Regio NUTS 1;21290;21280.0;TRZZ;Extra-Regio NUTS 2
